shipment_id,product_id,supplier_id,shipment_date,quantity,expected_delivery_date,actual_delivery_date,shipment_status,updated_at
SHP20261001125020001,c0af7c6e4d05f8fd956204b258ce14e0,SUP003,2026-09-30,49,2026-10-06,2026-10-09,Delayed,2026-10-01 12:50:20.032281
SHP20261001125020002,eae50b5c9a18c296b7fa904cf04406a5,SUP005,2026-09-26,10,2026-10-01,,In Transit,2026-10-01 12:50:20.032307
SHP20261001125020003,498297b9721ee352dc65a4df65688433,SUP005,2026-09-30,42,2026-10-06,2026-10-07,Delivered,2026-10-01 12:50:20.032326
SHP20261001125020004,5f1d10ccc8198967ca0278fdfd474a51,SUP003,2026-09-30,18,2026-10-06,2026-10-07,Delayed,2026-10-01 12:50:20.032343
SHP20261001125020005,840621ddfa6fe5736e2d5b9e621caa68,SUP003,2026-09-29,35,2026-10-06,,In Transit,2026-10-01 12:50:20.032359
SHP20261001125020006,48acade3f4dd39bbab10bd14bcfc8735,SUP003,2026-09-25,18,2026-09-30,,Pending,2026-10-01 12:50:20.032373
SHP20261001125020007,c81ab664e91744dcc7c09dd12d97aeae,SUP002,2026-09-25,21,2026-09-28,,In Transit,2026-10-01 12:50:20.032388
SHP20261001125020008,01b660ebc1a0c293ccf9b117fa6dd8bb,SUP001,2026-09-27,22,2026-10-03,2026-10-01,Delivered,2026-10-01 12:50:20.032464
SHP20261001125020009,7c9d0c4f31e1c76d92518112b8f4b348,SUP005,2026-09-27,30,2026-10-04,2026-10-04,Delayed,2026-10-01 12:50:20.032500
SHP20261001125020010,ea11e700a343582ad56e4c70e966cb36,SUP001,2026-09-29,11,2026-10-02,2026-10-04,Delayed,2026-10-01 12:50:20.032525
SHP20261001125020011,977e5f8adaa0cd1dac4f4b1969ec598b,SUP005,2026-09-29,8,2026-10-04,2026-10-02,Delivered,2026-10-01 12:50:20.032540
SHP20261001125020012,87b28d72d12acf347bee8bec0bc7d2fb,SUP005,2026-10-01,26,2026-10-04,2026-10-07,Delayed,2026-10-01 12:50:20.032556
SHP20261001125020013,9fcc521cfe8074cbd26206bcb2e92f55,SUP002,2026-09-24,2,2026-09-30,,Pending,2026-10-01 12:50:20.032572
SHP20261001125020014,a26401cdab37b65e545c1d3c6cf78829,SUP002,2026-09-29,29,2026-10-05,2026-10-04,Delivered,2026-10-01 12:50:20.032596
SHP20261001125020015,6c55ba2343f9df32c7f88a468352ff22,SUP004,2026-09-25,36,2026-09-30,2026-09-29,Delayed,2026-10-01 12:50:20.032632
SHP20261001125020016,f264c1d9b20b5e4a340254d0405e613b,SUP001,2026-09-30,29,2026-10-04,2026-10-04,Delivered,2026-10-01 12:50:20.032770
SHP20261001125020017,21ee06f7fd37a6fe4841865339411674,SUP005,2026-10-01,28,2026-10-04,2026-10-02,Delayed,2026-10-01 12:50:20.032798
SHP20261001125020018,3bdb08012e5381f32cf7618d008aebee,SUP005,2026-09-30,36,2026-10-04,2026-10-06,Delivered,2026-10-01 12:50:20.032824
SHP20261001125020019,1027d3061ac141bbb2ea003c63dc3d66,SUP004,2026-09-26,2,2026-10-01,2026-09-29,Delayed,2026-10-01 12:50:20.032850
SHP20261001125020020,d6fa8b99ed80bff9dcddd3fdefa6e68d,SUP004,2026-09-26,41,2026-09-30,2026-09-30,Delivered,2026-10-01 12:50:20.032874
